symbol,date,open,high,low,close,volume,market_cap,exchange,currency,source_url
TEST_A,2025-12-15,50.0,51.5,48.5,50.74999999999999,350000,55000000,SYN,USD,https://fixture.local/synthetic
TEST_A,2025-12-16,52.25,53.8175,50.6825,53.03375,350500,55000000,SYN,USD,https://fixture.local/synthetic
TEST_A,2025-12-17,54.50000000000001,56.13500000000001,52.865,55.3175,351000,55000000,SYN,USD,https://fixture.local/synthetic
TEST_A,2025-12-18,56.75,58.4525,55.0475,57.60124999999999,351500,55000000,SYN,USD,https://fixture.local/synthetic
TEST_A,2025-12-19,59.0,60.77,57.23,59.88499999999999,352000,55000000,SYN,USD,https://fixture.local/synthetic
TEST_A,2025-12-22,61.25000000000001,63.087500000000006,59.41250000000001,62.16875,352500,55000000,SYN,USD,https://fixture.local/synthetic
TEST_A,2025-12-23,63.5,65.405,61.595,64.4525,353000,55000000,SYN,USD,https://fixture.local/synthetic
TEST_A,2025-12-24,65.75,67.7225,63.777499999999996,66.73625,353500,55000000,SYN,USD,https://fixture.local/synthetic
TEST_A,2025-12-25,68.0,70.04,65.96,69.02,354000,55000000,SYN,USD,https://fixture.local/synthetic
TEST_A,2025-12-26,70.25,72.3575,68.1425,71.30375,354500,55000000,SYN,USD,https://fixture.local/synthetic
TEST_A,2025-12-29,72.5,74.675,70.325,73.58749999999999,355000,55000000,SYN,USD,https://fixture.local/synthetic
TEST_A,2025-12-30,74.75,76.9925,72.5075,75.87124999999999,355500,55000000,SYN,USD,https://fixture.local/synthetic
TEST_A,2025-12-31,77.0,79.31,74.69,78.15499999999999,356000,55000000,SYN,USD,https://fixture.local/synthetic
TEST_A,2026-01-01,79.25,81.6275,76.8725,80.43875,356500,55000000,SYN,USD,https://fixture.local/synthetic
TEST_A,2026-01-02,81.5,83.94500000000001,79.05499999999999,82.7225,357000,55000000,SYN,USD,https://fixture.local/synthetic
TEST_A,2026-01-05,83.74999999999999,86.26249999999999,81.23749999999998,85.00624999999998,357500,55000000,SYN,USD,https://fixture.local/synthetic
TEST_A,2026-01-06,86.0,88.58,83.42,87.28999999999999,358000,55000000,SYN,USD,https://fixture.local/synthetic
TEST_A,2026-01-07,88.25,90.89750000000001,85.60249999999999,89.57374999999999,358500,55000000,SYN,USD,https://fixture.local/synthetic
TEST_A,2026-01-08,90.5,98.64500000000001,91.405,96.83500000000001,3000000,55000000,SYN,USD,https://fixture.local/synthetic
TEST_A,2026-01-09,92.75,95.5325,89.9675,94.14124999999999,359500,55000000,SYN,USD,https://fixture.local/synthetic
TEST_A,2026-01-12,95.0,97.85000000000001,92.14999999999999,96.425,360000,55000000,SYN,USD,https://fixture.local/synthetic
TEST_A,2026-01-13,97.24999999999999,99.195,95.30499999999998,98.22249999999998,800000,55000000,SYN,USD,https://fixture.local/synthetic
TEST_A,2026-01-14,99.5,102.485,96.515,100.99249999999999,361000,55000000,SYN,USD,https://fixture.local/synthetic
TEST_A,2026-01-15,101.75,104.80250000000001,98.69749999999999,103.27624999999999,361500,55000000,SYN,USD,https://fixture.local/synthetic
TEST_A,2026-01-16,104.0,107.12,100.88,105.55999999999999,362000,55000000,SYN,USD,https://fixture.local/synthetic
TEST_A,2026-01-19,106.25,109.4375,103.0625,107.84374999999999,362500,55000000,SYN,USD,https://fixture.local/synthetic
TEST_A,2026-01-20,108.5,111.75500000000001,105.24499999999999,110.12749999999998,363000,55000000,SYN,USD,https://fixture.local/synthetic
TEST_A,2026-01-21,110.75,114.0725,107.4275,112.41125,363500,55000000,SYN,USD,https://fixture.local/synthetic
TEST_A,2026-01-22,112.99999999999999,116.38999999999999,109.60999999999999,114.69499999999998,364000,55000000,SYN,USD,https://fixture.local/synthetic
TEST_A,2026-01-23,115.24999999999999,118.70749999999998,111.79249999999999,116.97874999999998,364500,55000000,SYN,USD,https://fixture.local/synthetic
TEST_B,2025-12-15,40.0,42.0,38.0,40.5,650000,82000000,SYN,USD,https://fixture.local/synthetic
TEST_B,2025-12-16,40.35,42.35,38.35,40.85,651000,82000000,SYN,USD,https://fixture.local/synthetic
TEST_B,2025-12-17,40.7,42.7,38.7,41.2,652000,82000000,SYN,USD,https://fixture.local/synthetic
TEST_B,2025-12-18,41.05,43.05,39.05,41.55,653000,82000000,SYN,USD,https://fixture.local/synthetic
TEST_B,2025-12-19,41.4,43.4,39.4,41.9,654000,82000000,SYN,USD,https://fixture.local/synthetic
TEST_B,2025-12-22,41.75,43.75,39.75,42.25,655000,82000000,SYN,USD,https://fixture.local/synthetic
TEST_B,2025-12-23,42.1,44.1,40.1,42.6,656000,82000000,SYN,USD,https://fixture.local/synthetic
TEST_B,2025-12-24,42.45,44.45,40.45,42.95,657000,82000000,SYN,USD,https://fixture.local/synthetic
TEST_B,2025-12-25,42.8,44.8,40.8,43.3,658000,82000000,SYN,USD,https://fixture.local/synthetic
TEST_B,2025-12-26,43.15,45.15,41.15,43.65,659000,82000000,SYN,USD,https://fixture.local/synthetic
TEST_B,2025-12-29,43.5,45.5,41.5,44.0,660000,82000000,SYN,USD,https://fixture.local/synthetic
TEST_B,2025-12-30,43.85,45.85,41.85,44.35,661000,82000000,SYN,USD,https://fixture.local/synthetic
TEST_B,2025-12-31,44.2,46.2,42.2,44.7,662000,82000000,SYN,USD,https://fixture.local/synthetic
TEST_B,2026-01-01,44.55,46.55,42.55,45.05,663000,82000000,SYN,USD,https://fixture.local/synthetic
TEST_B,2026-01-02,44.9,46.9,42.9,45.4,664000,82000000,SYN,USD,https://fixture.local/synthetic
TEST_B,2026-01-05,45.25,47.25,43.25,45.75,665000,82000000,SYN,USD,https://fixture.local/synthetic
TEST_B,2026-01-06,45.6,47.6,43.6,46.1,666000,82000000,SYN,USD,https://fixture.local/synthetic
TEST_B,2026-01-07,45.95,47.95,43.95,46.45,667000,82000000,SYN,USD,https://fixture.local/synthetic
TEST_B,2026-01-08,46.3,52.3,45.3,45.5,900000,82000000,SYN,USD,https://fixture.local/synthetic
TEST_B,2026-01-09,46.65,48.65,44.65,47.15,669000,82000000,SYN,USD,https://fixture.local/synthetic
TEST_B,2026-01-12,47.0,49.0,45.0,47.5,670000,82000000,SYN,USD,https://fixture.local/synthetic
TEST_B,2026-01-13,47.35,47.8235,46.8765,47.35,700000,82000000,SYN,USD,https://fixture.local/synthetic
TEST_B,2026-01-14,47.7,49.7,45.7,48.2,672000,82000000,SYN,USD,https://fixture.local/synthetic
TEST_B,2026-01-15,48.05,50.05,46.05,48.55,673000,82000000,SYN,USD,https://fixture.local/synthetic
TEST_B,2026-01-16,48.4,50.4,46.4,48.9,674000,82000000,SYN,USD,https://fixture.local/synthetic
TEST_B,2026-01-19,48.75,50.75,46.75,49.25,675000,82000000,SYN,USD,https://fixture.local/synthetic
TEST_B,2026-01-20,49.1,51.1,47.1,49.6,676000,82000000,SYN,USD,https://fixture.local/synthetic
TEST_B,2026-01-21,49.45,51.45,47.45,49.95,677000,82000000,SYN,USD,https://fixture.local/synthetic
TEST_B,2026-01-22,49.8,51.8,47.8,50.3,678000,82000000,SYN,USD,https://fixture.local/synthetic
TEST_B,2026-01-23,50.15,52.15,48.15,50.65,679000,82000000,SYN,USD,https://fixture.local/synthetic
TEST_C,2025-12-15,12.0,12.96,11.52,12.600000000000001,1200000,120000000,SYN,USD,https://fixture.local/synthetic
TEST_C,2025-12-16,12.08,13.0464,11.5968,12.684000000000001,1200000,120000000,SYN,USD,https://fixture.local/synthetic
TEST_C,2025-12-17,12.16,13.132800000000001,11.6736,12.768,1200000,120000000,SYN,USD,https://fixture.local/synthetic
TEST_C,2025-12-18,12.24,13.2192,11.750399999999999,12.852,1200000,120000000,SYN,USD,https://fixture.local/synthetic
TEST_C,2025-12-19,12.32,13.305600000000002,11.8272,12.936000000000002,1200000,120000000,SYN,USD,https://fixture.local/synthetic
TEST_C,2025-12-22,12.4,13.392000000000001,11.904,13.020000000000001,1200000,120000000,SYN,USD,https://fixture.local/synthetic
TEST_C,2025-12-23,12.48,13.4784,11.9808,13.104000000000001,1200000,120000000,SYN,USD,https://fixture.local/synthetic
TEST_C,2025-12-24,12.56,13.564800000000002,12.0576,13.188,1200000,120000000,SYN,USD,https://fixture.local/synthetic
TEST_C,2025-12-25,12.64,13.651200000000001,12.1344,13.272000000000002,1200000,120000000,SYN,USD,https://fixture.local/synthetic
TEST_C,2025-12-26,12.72,13.737600000000002,12.2112,13.356000000000002,1200000,120000000,SYN,USD,https://fixture.local/synthetic
TEST_C,2025-12-29,12.8,13.824000000000002,12.288,13.440000000000001,1200000,120000000,SYN,USD,https://fixture.local/synthetic
TEST_C,2025-12-30,12.88,13.910400000000001,12.3648,13.524000000000001,1200000,120000000,SYN,USD,https://fixture.local/synthetic
TEST_C,2025-12-31,12.96,13.996800000000002,12.441600000000001,13.608000000000002,1200000,120000000,SYN,USD,https://fixture.local/synthetic
TEST_C,2026-01-01,13.04,14.0832,12.518399999999998,13.692,1200000,120000000,SYN,USD,https://fixture.local/synthetic
TEST_C,2026-01-02,13.120000000000001,14.169600000000003,12.5952,13.776000000000002,1200000,120000000,SYN,USD,https://fixture.local/synthetic
TEST_C,2026-01-05,13.2,14.256,12.671999999999999,13.86,1200000,120000000,SYN,USD,https://fixture.local/synthetic
TEST_C,2026-01-06,13.28,14.3424,12.7488,13.943999999999999,1200000,120000000,SYN,USD,https://fixture.local/synthetic
TEST_C,2026-01-07,13.36,14.4288,12.8256,14.028,1200000,120000000,SYN,USD,https://fixture.local/synthetic
TEST_C,2026-01-08,13.44,29.568,14.112,26.88,12000000,120000000,SYN,USD,https://fixture.local/synthetic
TEST_C,2026-01-09,13.52,14.601600000000001,12.979199999999999,14.196,1200000,120000000,SYN,USD,https://fixture.local/synthetic
TEST_C,2026-01-12,13.6,14.688,13.056,14.28,1200000,120000000,SYN,USD,https://fixture.local/synthetic
TEST_C,2026-01-13,13.68,14.364,12.995999999999999,13.9536,4000000,120000000,SYN,USD,https://fixture.local/synthetic
TEST_C,2026-01-14,13.76,14.860800000000001,13.2096,14.448,1200000,120000000,SYN,USD,https://fixture.local/synthetic
TEST_C,2026-01-15,13.84,14.9472,13.286399999999999,14.532,1200000,120000000,SYN,USD,https://fixture.local/synthetic
TEST_C,2026-01-16,13.92,15.033600000000002,13.363199999999999,14.616,1200000,120000000,SYN,USD,https://fixture.local/synthetic
TEST_C,2026-01-19,14.0,15.120000000000001,13.44,14.700000000000001,1200000,120000000,SYN,USD,https://fixture.local/synthetic
TEST_C,2026-01-20,14.08,15.2064,13.5168,14.784,1200000,120000000,SYN,USD,https://fixture.local/synthetic
TEST_C,2026-01-21,14.16,15.292800000000002,13.5936,14.868,1200000,120000000,SYN,USD,https://fixture.local/synthetic
TEST_C,2026-01-22,14.24,15.3792,13.670399999999999,14.952000000000002,1200000,120000000,SYN,USD,https://fixture.local/synthetic
TEST_C,2026-01-23,14.32,15.465600000000002,13.7472,15.036000000000001,1200000,120000000,SYN,USD,https://fixture.local/synthetic
TEST_D,2025-12-15,25.0,26.0,24.0,25.5,500000,,SYN,USD,https://fixture.local/synthetic
TEST_D,2025-12-16,25.05,26.052000000000003,24.048,25.551000000000002,502000,,SYN,USD,https://fixture.local/synthetic
TEST_D,2025-12-17,25.1,26.104000000000003,24.096,25.602,504000,,SYN,USD,https://fixture.local/synthetic
TEST_D,2025-12-18,25.15,26.156,24.144,25.653,506000,,SYN,USD,https://fixture.local/synthetic
TEST_D,2025-12-19,25.2,26.208,24.192,25.704,508000,,SYN,USD,https://fixture.local/synthetic
TEST_D,2025-12-22,25.25,26.26,24.24,25.755,510000,,SYN,USD,https://fixture.local/synthetic
TEST_D,2025-12-23,25.3,26.312,24.288,25.806,512000,,SYN,USD,https://fixture.local/synthetic
TEST_D,2025-12-24,25.35,26.364,24.336000000000002,25.857000000000003,514000,,SYN,USD,https://fixture.local/synthetic
TEST_D,2025-12-25,25.4,26.416,24.383999999999997,25.907999999999998,516000,,SYN,USD,https://fixture.local/synthetic
TEST_D,2025-12-26,25.45,26.468,24.432,25.959,518000,,SYN,USD,https://fixture.local/synthetic
TEST_D,2025-12-29,25.5,26.52,24.48,26.01,520000,,SYN,USD,https://fixture.local/synthetic
TEST_D,2025-12-30,25.55,26.572000000000003,24.528,26.061,522000,,SYN,USD,https://fixture.local/synthetic
TEST_D,2025-12-31,25.6,26.624000000000002,24.576,26.112000000000002,524000,,SYN,USD,https://fixture.local/synthetic
TEST_D,2026-01-01,25.65,26.676,24.624,26.163,526000,,SYN,USD,https://fixture.local/synthetic
TEST_D,2026-01-02,25.7,26.728,24.671999999999997,26.214,528000,,SYN,USD,https://fixture.local/synthetic
TEST_D,2026-01-05,25.75,26.78,24.72,26.265,530000,,SYN,USD,https://fixture.local/synthetic
TEST_D,2026-01-06,25.8,26.832,24.768,26.316000000000003,532000,,SYN,USD,https://fixture.local/synthetic
TEST_D,2026-01-07,25.85,26.884000000000004,24.816,26.367,534000,,SYN,USD,https://fixture.local/synthetic
TEST_D,2026-01-08,25.9,26.936,24.863999999999997,26.418,536000,,SYN,USD,https://fixture.local/synthetic
TEST_D,2026-01-09,25.95,26.988,24.912,26.469,538000,,SYN,USD,https://fixture.local/synthetic
TEST_D,2026-01-12,26.0,27.04,24.96,26.52,540000,,SYN,USD,https://fixture.local/synthetic
TEST_D,2026-01-13,26.05,27.092000000000002,25.008,26.571,542000,,SYN,USD,https://fixture.local/synthetic
TEST_D,2026-01-14,26.1,27.144000000000002,25.056,26.622000000000003,544000,,SYN,USD,https://fixture.local/synthetic
TEST_D,2026-01-15,26.15,27.195999999999998,25.104,26.673,546000,,SYN,USD,https://fixture.local/synthetic
TEST_D,2026-01-16,26.2,27.248,25.151999999999997,26.724,548000,,SYN,USD,https://fixture.local/synthetic
TEST_D,2026-01-19,26.25,27.3,25.2,26.775000000000002,550000,,SYN,USD,https://fixture.local/synthetic
TEST_D,2026-01-20,26.3,27.352,25.248,26.826,552000,,SYN,USD,https://fixture.local/synthetic
TEST_D,2026-01-21,26.35,27.404000000000003,25.296,26.877000000000002,554000,,SYN,USD,https://fixture.local/synthetic
TEST_D,2026-01-22,26.4,27.456,25.343999999999998,26.927999999999997,556000,,SYN,USD,https://fixture.local/synthetic
TEST_D,2026-01-23,26.45,27.508,25.392,26.979,558000,,SYN,USD,https://fixture.local/synthetic
TEST_E,2025-12-15,33.0,34.2,31.8,33.4,550000,205000000,SYN,USD,https://fixture.local/synthetic
TEST_E,2025-12-16,33.06,34.260000000000005,31.860000000000003,33.46,550300,205000000,SYN,USD,https://fixture.local/synthetic
TEST_E,2025-12-17,33.12,34.32,31.919999999999998,33.519999999999996,550600,205000000,SYN,USD,https://fixture.local/synthetic
TEST_E,2025-12-18,33.18,34.38,31.98,33.58,550900,205000000,SYN,USD,https://fixture.local/synthetic
TEST_E,2025-12-19,33.24,34.440000000000005,32.04,33.64,551200,205000000,SYN,USD,https://fixture.local/synthetic
TEST_E,2025-12-22,33.3,33.3,33.3,33.3,120000,205000000,SYN,USD,https://fixture.local/synthetic
TEST_E,2025-12-23,33.36,34.56,32.16,33.76,551800,205000000,SYN,USD,https://fixture.local/synthetic
TEST_E,2025-12-24,33.42,34.620000000000005,32.22,33.82,552100,205000000,SYN,USD,https://fixture.local/synthetic
TEST_E,2025-12-25,33.48,34.68,32.279999999999994,33.879999999999995,552400,205000000,SYN,USD,https://fixture.local/synthetic
TEST_E,2025-12-26,33.54,34.74,32.339999999999996,33.94,552700,205000000,SYN,USD,https://fixture.local/synthetic
TEST_E,2025-12-29,33.6,34.800000000000004,32.4,34.0,553000,205000000,SYN,USD,https://fixture.local/synthetic
TEST_E,2025-12-30,33.66,34.86,32.459999999999994,34.059999999999995,553300,205000000,SYN,USD,https://fixture.local/synthetic
TEST_E,2025-12-31,33.72,34.92,32.519999999999996,34.12,553600,205000000,SYN,USD,https://fixture.local/synthetic
TEST_E,2026-01-01,33.78,34.980000000000004,32.58,34.18,553900,205000000,SYN,USD,https://fixture.local/synthetic
TEST_E,2026-01-02,33.84,35.040000000000006,32.64,34.24,554200,205000000,SYN,USD,https://fixture.local/synthetic
TEST_E,2026-01-05,33.9,35.1,32.699999999999996,34.3,554500,205000000,SYN,USD,https://fixture.local/synthetic
TEST_E,2026-01-06,33.96,35.160000000000004,32.76,34.36,554800,205000000,SYN,USD,https://fixture.local/synthetic
TEST_E,2026-01-07,34.02,35.220000000000006,32.82,34.42,555100,205000000,SYN,USD,https://fixture.local/synthetic
TEST_E,2026-01-08,34.08,35.58,32.58,34.28,700000,205000000,SYN,USD,https://fixture.local/synthetic
TEST_E,2026-01-09,34.14,35.34,32.94,34.54,555700,205000000,SYN,USD,https://fixture.local/synthetic
TEST_E,2026-01-12,34.2,35.400000000000006,33.0,34.6,556000,205000000,SYN,USD,https://fixture.local/synthetic
TEST_E,2026-01-13,34.26,34.602599999999995,33.9174,34.43129999999999,400000,205000000,SYN,USD,https://fixture.local/synthetic
TEST_E,2026-01-14,34.32,35.52,33.12,34.72,556600,205000000,SYN,USD,https://fixture.local/synthetic
TEST_E,2026-01-15,34.38,35.580000000000005,33.18,34.78,556900,205000000,SYN,USD,https://fixture.local/synthetic
TEST_E,2026-01-16,34.44,35.64,33.239999999999995,34.839999999999996,557200,205000000,SYN,USD,https://fixture.local/synthetic
TEST_E,2026-01-19,34.5,35.7,33.3,34.9,557500,205000000,SYN,USD,https://fixture.local/synthetic
TEST_E,2026-01-20,34.56,35.760000000000005,33.36,34.96,557800,205000000,SYN,USD,https://fixture.local/synthetic
TEST_E,2026-01-21,34.62,35.82,33.419999999999995,35.019999999999996,558100,205000000,SYN,USD,https://fixture.local/synthetic
TEST_E,2026-01-22,34.68,35.88,33.48,35.08,558400,205000000,SYN,USD,https://fixture.local/synthetic
TEST_E,2026-01-23,34.74,35.940000000000005,33.54,35.14,558700,205000000,SYN,USD,https://fixture.local/synthetic
TEST_F,2025-12-15,60.0,61.2,58.8,60.6,480000,48000000,SYN,USD,https://fixture.local/synthetic
TEST_F,2025-12-16,60.12,61.3224,58.91759999999999,60.721199999999996,480000,48000000,SYN,USD,https://fixture.local/synthetic
TEST_F,2025-12-17,60.24,61.4448,59.0352,60.842400000000005,480000,48000000,SYN,USD,https://fixture.local/synthetic
TEST_F,2025-12-18,60.36,61.5672,59.1528,60.9636,480000,48000000,SYN,USD,https://fixture.local/synthetic
TEST_F,2025-12-19,60.48,61.6896,59.270399999999995,61.084799999999994,480000,48000000,SYN,USD,https://fixture.local/synthetic
TEST_F,2025-12-22,60.6,61.812000000000005,59.388,61.206,480000,48000000,SYN,USD,https://fixture.local/synthetic
TEST_F,2025-12-23,60.72,61.9344,59.5056,61.3272,480000,48000000,SYN,USD,https://fixture.local/synthetic
TEST_F,2025-12-24,60.84,62.0568,59.623200000000004,61.44840000000001,480000,48000000,SYN,USD,https://fixture.local/synthetic
TEST_F,2025-12-25,60.96,62.1792,59.7408,61.5696,480000,48000000,SYN,USD,https://fixture.local/synthetic
TEST_F,2025-12-26,61.08,62.3016,59.858399999999996,61.690799999999996,480000,48000000,SYN,USD,https://fixture.local/synthetic
TEST_F,2025-12-29,61.2,62.42400000000001,59.976,61.812000000000005,480000,48000000,SYN,USD,https://fixture.local/synthetic
TEST_F,2025-12-30,61.32,62.5464,60.0936,61.9332,480000,48000000,SYN,USD,https://fixture.local/synthetic
TEST_F,2025-12-31,61.44,62.6688,60.2112,62.0544,480000,48000000,SYN,USD,https://fixture.local/synthetic
TEST_F,2026-01-01,61.56,62.7912,60.3288,62.1756,480000,48000000,SYN,USD,https://fixture.local/synthetic
TEST_F,2026-01-02,61.68,62.9136,60.4464,62.2968,480000,48000000,SYN,USD,https://fixture.local/synthetic
TEST_F,2026-01-05,61.8,63.036,60.56399999999999,62.418,480000,48000000,SYN,USD,https://fixture.local/synthetic
TEST_F,2026-01-06,61.92,63.1584,60.6816,62.5392,480000,48000000,SYN,USD,https://fixture.local/synthetic
TEST_F,2026-01-07,62.04,63.2808,60.7992,62.6604,480000,48000000,SYN,USD,https://fixture.local/synthetic
TEST_F,2026-01-08,62.16,64.6464,61.538399999999996,64.0248,700000,48000000,SYN,USD,https://fixture.local/synthetic
TEST_F,2026-01-09,62.28,63.525600000000004,61.0344,62.9028,480000,48000000,SYN,USD,https://fixture.local/synthetic
TEST_F,2026-01-12,62.4,63.647999999999996,61.152,63.024,480000,48000000,SYN,USD,https://fixture.local/synthetic
TEST_F,2026-01-13,62.52,63.1452,61.894800000000004,62.52,500000,48000000,SYN,USD,https://fixture.local/synthetic
TEST_F,2026-01-14,62.64,63.8928,61.3872,63.266400000000004,480000,48000000,SYN,USD,https://fixture.local/synthetic
TEST_F,2026-01-15,62.76,64.0152,61.504799999999996,63.3876,480000,48000000,SYN,USD,https://fixture.local/synthetic
TEST_F,2026-01-16,62.88,64.1376,61.6224,63.5088,480000,48000000,SYN,USD,https://fixture.local/synthetic
TEST_F,2026-01-19,63.0,64.26,61.74,63.63,480000,48000000,SYN,USD,https://fixture.local/synthetic
TEST_F,2026-01-20,63.12,64.3824,61.8576,63.7512,480000,48000000,SYN,USD,https://fixture.local/synthetic
TEST_F,2026-01-21,63.24,64.5048,61.9752,63.872400000000006,480000,48000000,SYN,USD,https://fixture.local/synthetic
TEST_F,2026-01-22,63.36,64.6272,62.0928,63.9936,480000,48000000,SYN,USD,https://fixture.local/synthetic
TEST_F,2026-01-23,63.48,64.7496,62.21039999999999,64.1148,480000,48000000,SYN,USD,https://fixture.local/synthetic
TEST_G,2025-12-15,70.0,70.7,69.3,70.35,12000,95000000,SYN,USD,https://fixture.local/synthetic
TEST_G,2025-12-16,70.02,70.72019999999999,69.3198,70.3701,12050,95000000,SYN,USD,https://fixture.local/synthetic
TEST_G,2025-12-17,70.04,70.74040000000001,69.3396,70.3902,12100,95000000,SYN,USD,https://fixture.local/synthetic
TEST_G,2025-12-18,70.06,70.7606,69.35940000000001,70.41029999999999,12150,95000000,SYN,USD,https://fixture.local/synthetic
TEST_G,2025-12-19,70.08,70.7808,69.3792,70.43039999999999,12200,95000000,SYN,USD,https://fixture.local/synthetic
TEST_G,2025-12-22,70.1,70.801,69.39899999999999,70.45049999999999,12250,95000000,SYN,USD,https://fixture.local/synthetic
TEST_G,2025-12-23,70.12,70.8212,69.4188,70.47059999999999,12300,95000000,SYN,USD,https://fixture.local/synthetic
TEST_G,2025-12-24,70.14,70.84140000000001,69.4386,70.49069999999999,12350,95000000,SYN,USD,https://fixture.local/synthetic
TEST_G,2025-12-25,70.16,70.8616,69.4584,70.51079999999999,12400,95000000,SYN,USD,https://fixture.local/synthetic
TEST_G,2025-12-26,70.18,70.88180000000001,69.4782,70.5309,12450,95000000,SYN,USD,https://fixture.local/synthetic
TEST_G,2025-12-29,70.2,70.902,69.498,70.551,12500,95000000,SYN,USD,https://fixture.local/synthetic
TEST_G,2025-12-30,70.22,70.9222,69.5178,70.57109999999999,12550,95000000,SYN,USD,https://fixture.local/synthetic
TEST_G,2025-12-31,70.24,70.94239999999999,69.5376,70.59119999999999,12600,95000000,SYN,USD,https://fixture.local/synthetic
TEST_G,2026-01-01,70.26,70.96260000000001,69.5574,70.6113,12650,95000000,SYN,USD,https://fixture.local/synthetic
TEST_G,2026-01-02,70.28,70.9828,69.5772,70.6314,12700,95000000,SYN,USD,https://fixture.local/synthetic
TEST_G,2026-01-05,70.3,71.003,69.597,70.65149999999998,12750,95000000,SYN,USD,https://fixture.local/synthetic
TEST_G,2026-01-06,70.32,71.02319999999999,69.6168,70.67159999999998,12800,95000000,SYN,USD,https://fixture.local/synthetic
TEST_G,2026-01-07,70.34,71.0434,69.6366,70.6917,12850,95000000,SYN,USD,https://fixture.local/synthetic
TEST_G,2026-01-08,70.36,71.0636,69.6564,70.7118,12900,95000000,SYN,USD,https://fixture.local/synthetic
TEST_G,2026-01-09,70.38,71.0838,69.6762,70.73189999999998,12950,95000000,SYN,USD,https://fixture.local/synthetic
TEST_G,2026-01-12,70.4,71.10400000000001,69.696,70.752,13000,95000000,SYN,USD,https://fixture.local/synthetic
TEST_G,2026-01-13,70.42,71.1242,69.7158,70.7721,13050,95000000,SYN,USD,https://fixture.local/synthetic
TEST_G,2026-01-14,70.44,71.1444,69.73559999999999,70.7922,13100,95000000,SYN,USD,https://fixture.local/synthetic
TEST_G,2026-01-15,70.46,71.1646,69.7554,70.81229999999998,13150,95000000,SYN,USD,https://fixture.local/synthetic
TEST_G,2026-01-16,70.48,71.18480000000001,69.7752,70.83239999999999,13200,95000000,SYN,USD,https://fixture.local/synthetic
TEST_G,2026-01-19,70.5,71.205,69.795,70.85249999999999,13250,95000000,SYN,USD,https://fixture.local/synthetic
TEST_G,2026-01-20,70.52,71.2252,69.81479999999999,70.87259999999999,13300,95000000,SYN,USD,https://fixture.local/synthetic
TEST_G,2026-01-21,70.54,71.2454,69.83460000000001,70.8927,13350,95000000,SYN,USD,https://fixture.local/synthetic
TEST_G,2026-01-22,70.56,71.2656,69.8544,70.91279999999999,13400,95000000,SYN,USD,https://fixture.local/synthetic
TEST_G,2026-01-23,70.58,71.2858,69.8742,70.93289999999999,13450,95000000,SYN,USD,https://fixture.local/synthetic
TEST_H,2025-12-15,10.0,10.600000000000001,9.8,10.4,450000,31000000,SYN,USD,https://fixture.local/synthetic
TEST_H,2025-12-16,10.4,11.024000000000001,10.192,10.816,450000,31000000,SYN,USD,https://fixture.local/synthetic
TEST_H,2025-12-17,10.8,11.448000000000002,10.584,11.232000000000001,450000,31000000,SYN,USD,https://fixture.local/synthetic
TEST_H,2025-12-18,11.2,11.872,10.975999999999999,11.648,450000,31000000,SYN,USD,https://fixture.local/synthetic
TEST_H,2025-12-19,11.6,12.296,11.368,12.064,450000,31000000,SYN,USD,https://fixture.local/synthetic
TEST_H,2025-12-22,12.0,12.72,11.76,12.48,450000,31000000,SYN,USD,https://fixture.local/synthetic
TEST_H,2025-12-23,12.4,13.144000000000002,12.152,12.896,450000,31000000,SYN,USD,https://fixture.local/synthetic
TEST_H,2025-12-24,12.8,13.568000000000001,12.544,13.312000000000001,450000,31000000,SYN,USD,https://fixture.local/synthetic
TEST_H,2025-12-25,13.2,13.991999999999999,12.936,13.728,450000,31000000,SYN,USD,https://fixture.local/synthetic
TEST_H,2025-12-26,13.6,14.416,13.328,14.144,450000,31000000,SYN,USD,https://fixture.local/synthetic
TEST_H,2025-12-29,14.0,14.84,13.719999999999999,14.56,450000,31000000,SYN,USD,https://fixture.local/synthetic
TEST_H,2025-12-30,14.4,15.264000000000001,14.112,14.976,450000,31000000,SYN,USD,https://fixture.local/synthetic
TEST_H,2025-12-31,14.8,15.688000000000002,14.504,15.392000000000001,450000,31000000,SYN,USD,https://fixture.local/synthetic
TEST_H,2026-01-01,15.2,16.112,14.895999999999999,15.808,450000,31000000,SYN,USD,https://fixture.local/synthetic
TEST_H,2026-01-02,15.600000000000001,16.536,15.288,16.224000000000004,450000,31000000,SYN,USD,https://fixture.local/synthetic
TEST_H,2026-01-05,16.0,16.96,15.68,16.64,450000,31000000,SYN,USD,https://fixture.local/synthetic
TEST_H,2026-01-06,16.4,17.384,16.072,17.055999999999997,450000,31000000,SYN,USD,https://fixture.local/synthetic
TEST_H,2026-01-07,16.8,17.808000000000003,16.464,17.472,450000,31000000,SYN,USD,https://fixture.local/synthetic
TEST_H,2026-01-08,17.2,19.779999999999998,17.544,19.264,8000000,31000000,SYN,USD,https://fixture.local/synthetic
TEST_H,2026-01-09,17.6,18.656000000000002,17.248,18.304000000000002,450000,31000000,SYN,USD,https://fixture.local/synthetic
TEST_H,2026-01-12,18.0,19.080000000000002,17.64,18.72,450000,31000000,SYN,USD,https://fixture.local/synthetic
TEST_H,2026-01-13,18.4,18.951999999999998,17.848,18.584,2000000,31000000,SYN,USD,https://fixture.local/synthetic
TEST_H,2026-01-14,18.8,19.928,18.424,19.552000000000003,450000,31000000,SYN,USD,https://fixture.local/synthetic
TEST_H,2026-01-15,19.200000000000003,20.352000000000004,18.816000000000003,19.968000000000004,450000,31000000,SYN,USD,https://fixture.local/synthetic
TEST_H,2026-01-16,19.6,20.776000000000003,19.208000000000002,20.384000000000004,450000,31000000,SYN,USD,https://fixture.local/synthetic
TEST_H,2026-01-19,20.0,21.200000000000003,19.6,20.8,450000,31000000,SYN,USD,https://fixture.local/synthetic
TEST_H,2026-01-20,20.4,21.624,19.991999999999997,21.215999999999998,450000,31000000,SYN,USD,https://fixture.local/synthetic
TEST_H,2026-01-21,20.8,22.048000000000002,20.384,21.632,450000,31000000,SYN,USD,https://fixture.local/synthetic
TEST_H,2026-01-22,21.200000000000003,22.472000000000005,20.776000000000003,22.048000000000005,450000,31000000,SYN,USD,https://fixture.local/synthetic
TEST_H,2026-01-23,21.6,22.896000000000004,21.168,22.464000000000002,450000,31000000,SYN,USD,https://fixture.local/synthetic
TEST_I,2025-12-15,3.0,3.3600000000000003,2.82,3.24,600000,6000000,SYN,USD,https://fixture.local/synthetic
TEST_I,2025-12-16,3.05,3.416,2.8669999999999995,3.294,604000,6000000,SYN,USD,https://fixture.local/synthetic
TEST_I,2025-12-17,3.1,3.4720000000000004,2.9139999999999997,3.3480000000000003,608000,6000000,SYN,USD,https://fixture.local/synthetic
TEST_I,2025-12-18,3.15,3.528,2.961,3.402,612000,6000000,SYN,USD,https://fixture.local/synthetic
TEST_I,2025-12-19,3.2,3.5840000000000005,3.008,3.4560000000000004,616000,6000000,SYN,USD,https://fixture.local/synthetic
TEST_I,2025-12-22,3.25,3.6400000000000006,3.0549999999999997,3.5100000000000002,620000,6000000,SYN,USD,https://fixture.local/synthetic
TEST_I,2025-12-23,3.3,3.696,3.102,3.564,624000,6000000,SYN,USD,https://fixture.local/synthetic
TEST_I,2025-12-24,3.35,3.7520000000000007,3.149,3.6180000000000003,628000,6000000,SYN,USD,https://fixture.local/synthetic
TEST_I,2025-12-25,3.4,3.8080000000000003,3.1959999999999997,3.672,632000,6000000,SYN,USD,https://fixture.local/synthetic
TEST_I,2025-12-26,3.45,3.8640000000000008,3.243,3.7260000000000004,636000,6000000,SYN,USD,https://fixture.local/synthetic
TEST_I,2025-12-29,3.5,3.9200000000000004,3.29,3.7800000000000002,640000,6000000,SYN,USD,https://fixture.local/synthetic
TEST_I,2025-12-30,3.55,3.976,3.3369999999999997,3.834,644000,6000000,SYN,USD,https://fixture.local/synthetic
TEST_I,2025-12-31,3.6,4.032000000000001,3.384,3.8880000000000003,648000,6000000,SYN,USD,https://fixture.local/synthetic
TEST_I,2026-01-01,3.65,4.088,3.4309999999999996,3.942,652000,6000000,SYN,USD,https://fixture.local/synthetic
TEST_I,2026-01-02,3.7,4.144000000000001,3.4779999999999998,3.9960000000000004,656000,6000000,SYN,USD,https://fixture.local/synthetic
TEST_I,2026-01-05,3.75,4.2,3.525,4.050000000000001,660000,6000000,SYN,USD,https://fixture.local/synthetic
TEST_I,2026-01-06,3.8,4.256,3.5719999999999996,4.104,664000,6000000,SYN,USD,https://fixture.local/synthetic
TEST_I,2026-01-07,3.85,4.312,3.6189999999999998,4.158,668000,6000000,SYN,USD,https://fixture.local/synthetic
TEST_I,2026-01-08,3.9,4.992,4.095,4.836,4500000,6000000,SYN,USD,https://fixture.local/synthetic
TEST_I,2026-01-09,3.95,4.424,3.713,4.266000000000001,676000,6000000,SYN,USD,https://fixture.local/synthetic
TEST_I,2026-01-12,4.0,4.48,3.76,4.32,680000,6000000,SYN,USD,https://fixture.local/synthetic
TEST_I,2026-01-13,4.05,4.2525,3.9284999999999997,4.1715,1000000,6000000,SYN,USD,https://fixture.local/synthetic
TEST_I,2026-01-14,4.1,4.592,3.8539999999999996,4.428,688000,6000000,SYN,USD,https://fixture.local/synthetic
TEST_I,2026-01-15,4.15,4.648000000000001,3.9010000000000002,4.482000000000001,692000,6000000,SYN,USD,https://fixture.local/synthetic
TEST_I,2026-01-16,4.2,4.704000000000001,3.948,4.5360000000000005,696000,6000000,SYN,USD,https://fixture.local/synthetic
TEST_I,2026-01-19,4.25,4.760000000000001,3.9949999999999997,4.59,700000,6000000,SYN,USD,https://fixture.local/synthetic
TEST_I,2026-01-20,4.3,4.816,4.042,4.644,704000,6000000,SYN,USD,https://fixture.local/synthetic
TEST_I,2026-01-21,4.35,4.872,4.0889999999999995,4.6979999999999995,708000,6000000,SYN,USD,https://fixture.local/synthetic
TEST_I,2026-01-22,4.4,4.928000000000001,4.136,4.752000000000001,712000,6000000,SYN,USD,https://fixture.local/synthetic
TEST_I,2026-01-23,4.45,4.984000000000001,4.183,4.806000000000001,716000,6000000,SYN,USD,https://fixture.local/synthetic
TEST_J,2025-12-15,200.0,200.8,199.2,200.2,4500000,50000000000,SYN,USD,https://fixture.local/synthetic
TEST_J,2025-12-16,200.08,200.88032,199.27968,200.28008,4500000,50000000000,SYN,USD,https://fixture.local/synthetic
TEST_J,2025-12-17,200.16,200.96063999999998,199.35936,200.36015999999998,4500000,50000000000,SYN,USD,https://fixture.local/synthetic
TEST_J,2025-12-18,200.24,201.04096,199.43904,200.44024,4500000,50000000000,SYN,USD,https://fixture.local/synthetic
TEST_J,2025-12-19,200.32,201.12127999999998,199.51872,200.52031999999997,4500000,50000000000,SYN,USD,https://fixture.local/synthetic
TEST_J,2025-12-22,200.4,201.2016,199.5984,200.60039999999998,4500000,50000000000,SYN,USD,https://fixture.local/synthetic
TEST_J,2025-12-23,200.48,201.28191999999999,199.67808,200.68047999999996,4500000,50000000000,SYN,USD,https://fixture.local/synthetic
TEST_J,2025-12-24,200.56,201.36224,199.75776,200.76055999999997,4500000,50000000000,SYN,USD,https://fixture.local/synthetic
TEST_J,2025-12-25,200.64,201.44256,199.83744,200.84063999999995,4500000,50000000000,SYN,USD,https://fixture.local/synthetic
TEST_J,2025-12-26,200.72,201.52288,199.91712,200.92072,4500000,50000000000,SYN,USD,https://fixture.local/synthetic
TEST_J,2025-12-29,200.8,201.60320000000002,199.9968,201.0008,4500000,50000000000,SYN,USD,https://fixture.local/synthetic
TEST_J,2025-12-30,200.88,201.68352,200.07648,201.08087999999998,4500000,50000000000,SYN,USD,https://fixture.local/synthetic
TEST_J,2025-12-31,200.96,201.76384000000002,200.15616,201.16096,4500000,50000000000,SYN,USD,https://fixture.local/synthetic
TEST_J,2026-01-01,201.04,201.84416,200.23584,201.24103999999997,4500000,50000000000,SYN,USD,https://fixture.local/synthetic
TEST_J,2026-01-02,201.12,201.92448000000002,200.31552,201.32111999999998,4500000,50000000000,SYN,USD,https://fixture.local/synthetic
TEST_J,2026-01-05,201.2,202.0048,200.3952,201.40119999999996,4500000,50000000000,SYN,USD,https://fixture.local/synthetic
TEST_J,2026-01-06,201.28,202.08512,200.47488,201.48127999999997,4500000,50000000000,SYN,USD,https://fixture.local/synthetic
TEST_J,2026-01-07,201.36,202.16544000000002,200.55456,201.56135999999998,4500000,50000000000,SYN,USD,https://fixture.local/synthetic
TEST_J,2026-01-08,201.44,203.4544,200.4328,202.64864,5000000,50000000000,SYN,USD,https://fixture.local/synthetic
TEST_J,2026-01-09,201.52,202.32608000000002,200.71392,201.72152,4500000,50000000000,SYN,USD,https://fixture.local/synthetic
TEST_J,2026-01-12,201.6,202.4064,200.7936,201.80159999999998,4500000,50000000000,SYN,USD,https://fixture.local/synthetic
TEST_J,2026-01-13,201.68,202.08336,201.27664000000001,201.88168,4000000,50000000000,SYN,USD,https://fixture.local/synthetic
TEST_J,2026-01-14,201.76,202.56704,200.95296,201.96175999999997,4500000,50000000000,SYN,USD,https://fixture.local/synthetic
TEST_J,2026-01-15,201.84,202.64736,201.03264000000001,202.04183999999998,4500000,50000000000,SYN,USD,https://fixture.local/synthetic
TEST_J,2026-01-16,201.92,202.72768,201.11231999999998,202.12191999999996,4500000,50000000000,SYN,USD,https://fixture.local/synthetic
TEST_J,2026-01-19,202.0,202.808,201.192,202.20199999999997,4500000,50000000000,SYN,USD,https://fixture.local/synthetic
TEST_J,2026-01-20,202.08,202.88832000000002,201.27168,202.28207999999998,4500000,50000000000,SYN,USD,https://fixture.local/synthetic
TEST_J,2026-01-21,202.16,202.96864,201.35136,202.36215999999996,4500000,50000000000,SYN,USD,https://fixture.local/synthetic
TEST_J,2026-01-22,202.24,203.04896000000002,201.43104,202.44224,4500000,50000000000,SYN,USD,https://fixture.local/synthetic
TEST_J,2026-01-23,202.32,203.12928,201.51072,202.52231999999998,4500000,50000000000,SYN,USD,https://fixture.local/synthetic
